GivenName,Surname,EmailAddress,TelephoneNumber,City,Description,Konsult
Allen,Chavez,AllenLChavez@gustr.com,0407397775,Malmö,Konsult
Steven,Ha,StevenSHa@teleworm.us,02468010351,Malmö,Konsult
Nicole,Furey,NicoleJFurey@dayrep.com,03814685420,Malmö,Konsult
Linda,Keppler,LindaGKeppler@fleckens.hu,03902232039,Malmö,Konsult
Theodore,Favorite,TheodoreOFavorite@superrito.com,05306100854,Malmö,Konsult
William,Gustafson,WilliamAGustafson@dayrep.com,04854842725,Malmö,Konsult
Cynthia,Harley,CynthiaJHarley@jourrapide.com,03836034594,Malmö,Konsult
Josephine,Sylvester,JosephineLSylvester@jourrapide.com,089356700,Malmö,Konsult
Vera,Wilkinson,VeraJWilkinson@cuvox.de,02506238657,Malmö,Konsult
John,Drapeau,JohnCDrapeau@gustr.com,04715311966,Malmö,Konsult
Peter,Ingram,PeterNIngram@dayrep.com,0352957121,Malmö,Konsult
Willie,Earley,WillieGEarley@gustr.com,04779379693,Malmö,Konsult
Stephen,Jarosz,StephenCJarosz@armyspy.com,085139000,Malmö,Konsult
Janice,Recinos,JaniceJRecinos@cuvox.de,087000260,Malmö,Konsult
Lauren,Harr,LaurenDHarr@cuvox.de,04314041079,Malmö,Konsult
Sally,Lynch,SallyDLynch@superrito.com,09126673516,Malmö,Konsult
Cheryl,Beecham,CherylJBeecham@cuvox.de,04552743828,Malmö,Konsult
Robbie,Martinsen,RobbieBMartinsen@jourrapide.com,09756997681,Malmö,Konsult
Paul,White,PaulGWhite@einrot.com,05012287260,Malmö,Konsult
Alfred,Morgan,AlfredAMorgan@rhyta.com,02504281383,Malmö,Konsult
Pedro,Labat,PedroDLabat@gustr.com,03206152565,Malmö,Konsult
Ethel,Wood,EthelDWood@armyspy.com,04598282183,Malmö,Konsult
Wanda,Alexander,WandaJAlexander@einrot.com,03807967439,Malmö,Konsult
Irma,Martinez,IrmaJMartinez@teleworm.us,04594349959,Malmö,Konsult
John,Fortin,JohnRFortin@dayrep.com,05705979754,Malmö,Konsult
Karolyn,Marsh,KarolynRMarsh@rhyta.com,04709775535,Malmö,Konsult
Gary,Ramos,GaryCRamos@fleckens.hu,04316611953,Malmö,Konsult
Genevieve,Starr,GenevieveBStarr@einrot.com,0313575450,Malmö,Konsult
Robert,Pfister,RobertRPfister@gustr.com,03202348075,Malmö,Konsult
Lanny,Colley,LannyKColley@gustr.com,0184030867,Malmö,Konsult
Victor,Gregory,VictorEGregory@rhyta.com,0318870212,Malmö,Konsult
Janet,Kaylor,JanetWKaylor@teleworm.us,05152326896,Malmö,Konsult
Tiffany,Souza,TiffanyWSouza@fleckens.hu,09815648599,Malmö,Konsult
Robert,Barbour,RobertTBarbour@teleworm.us,01419289008,Malmö,Konsult
Katherine,White,KatherineAWhite@armyspy.com,03035190514,Malmö,Konsult
Kerry,Williams,KerryJWilliams@cuvox.de,0366986042,Malmö,Konsult
Norma,Rogers,NormaERogers@fleckens.hu,03043195607,Malmö,Konsult
Joan,Berry,JoanWBerry@dayrep.com,09337505097,Malmö,Konsult
Sara,Walker,SaraCWalker@dayrep.com,03708150103,Malmö,Konsult
Leon,Pennington,LeonHPennington@fleckens.hu,09229604142,Malmö,Konsult
Frances,Harris,FrancesDHarris@jourrapide.com,04112266889,Malmö,Konsult
Grace,Kimble,GraceJKimble@jourrapide.com,06848992057,Malmö,Konsult
Anne,Duncan,AnneEDuncan@superrito.com,03046216097,Malmö,Konsult
Roderick,Wilson,RoderickBWilson@fleckens.hu,01756421035,Malmö,Konsult
Hazel,McLaren,HazelJMcLaren@jourrapide.com,06705202395,Malmö,Konsult
Beatrice,Kiss,BeatriceJKiss@teleworm.us,09343750208,Malmö,Konsult
Monica,Weathers,MonicaDWeathers@einrot.com,04919122783,Malmö,Konsult
Emma,Blackford,EmmaPBlackford@teleworm.us,06123756400,Malmö,Konsult
Emma,Wormley,EmmaRWormley@jourrapide.com,01715324880,Malmö,Konsult
Rebbeca,West,RebbecaAWest@gustr.com,04937677905,Malmö,Konsult
Rebecca,Johnson,RebeccaWJohnson@superrito.com,01713552220,Malmö,Konsult
Donald,McDowell,DonaldDMcDowell@rhyta.com,0366561976,Malmö,Konsult
Leola,Floyd,LeolaBFloyd@dayrep.com,0709719893,Malmö,Konsult
Kay,Mireles,KayDMireles@einrot.com,03709233519,Malmö,Konsult
Arthur,Moody,ArthurAMoody@gustr.com,082679633,Malmö,Konsult
Kenneth,Jones,KennethLJones@fleckens.hu,04559165982,Malmö,Konsult
Jack,Franklin,JackNFranklin@cuvox.de,05527688307,Malmö,Konsult
Cheryl,Garica,CherylTGarica@armyspy.com,01215982286,Malmö,Konsult
Richard,John,RichardMJohn@dayrep.com,05348525551,Malmö,Konsult
Katherine,Everson,KatherineREverson@dayrep.com,04774221521,Malmö,Konsult
David,Fernandes,DavidTFernandes@armyspy.com,02537506780,Malmö,Konsult
Mary,Dominguez,MaryNDominguez@rhyta.com,04702428045,Malmö,Konsult
Pauline,Childers,PaulineAChilders@rhyta.com,0739311811,Malmö,Konsult
Iris,True,IrisKTrue@dayrep.com,09779108127,Malmö,Konsult
Edward,Ritchie,EdwardFRitchie@rhyta.com,09427185850,Malmö,Konsult
Scott,Cannon,ScottBCannon@teleworm.us,02903635291,Malmö,Konsult
Warren,Newsome,WarrenPNewsome@cuvox.de,09244516167,Malmö,Konsult
Francine,Tatum,FrancineRTatum@jourrapide.com,04808091839,Malmö,Konsult
Robert,Rodriguez,RobertMRodriguez@gustr.com,04107025887,Malmö,Konsult
Robert,Tomko,RobertATomko@armyspy.com,0462434854,Malmö,Konsult
Pearl,Luna,PearlJLuna@gustr.com,03909217260,Malmö,Konsult
Bonnie,Lane,BonnieDLane@fleckens.hu,04186603536,Malmö,Konsult
Lynda,Boucher,LyndaJBoucher@dayrep.com,0352451745,Malmö,Konsult
Patricia,Adams,PatriciaPAdams@jourrapide.com,05238883050,Malmö,Konsult
Mitzi,Emerick,MitziJEmerick@cuvox.de,09618575441,Malmö,Konsult
Charles,Pratt,CharlesTPratt@einrot.com,05853536864,Malmö,Konsult
David,Vance,DavidTVance@dayrep.com,07085792333,Malmö,Konsult
Michael,Martinez,MichaelCMartinez@einrot.com,0445986609,Malmö,Konsult
Richard,Beck,RichardLBeck@superrito.com,0406993461,Malmö,Konsult
Michael,Roberts,MichaelERoberts@armyspy.com,09232952401,Malmö,Konsult
Amanda,Bean,AmandaSBean@dayrep.com,03049181398,Malmö,Konsult
Catherine,Jackson,CatherineRJackson@fleckens.hu,0426962037,Malmö,Konsult
Vernon,Stuckey,VernonDStuckey@jourrapide.com,09115543409,Malmö,Konsult
Lowell,Campbell,LowellSCampbell@rhyta.com,09188817312,Malmö,Konsult
Lindsay,Morris,LindsayHMorris@dayrep.com,0444684489,Malmö,Konsult
Stephen,Jacobs,StephenVJacobs@rhyta.com,086876786,Malmö,Konsult
John,Walker,JohnFWalker@superrito.com,0163564266,Malmö,Konsult
Penelope,Daniels,PenelopeJDaniels@gustr.com,09102968313,Malmö,Konsult
Lorrie,Rios,LorrieLRios@armyspy.com,05326602217,Malmö,Konsult
Jon,Wagner,JonMWagner@superrito.com,02786532631,Malmö,Konsult
Richard,Wright,RichardLWright@teleworm.us,04956379409,Malmö,Konsult
Bill,Evans,BillLEvans@gustr.com,087478959,Malmö,Konsult
Beverly,Shea,BeverlyCShea@teleworm.us,0547253724,Malmö,Konsult
Keith,Botello,KeithABotello@cuvox.de,07342745225,Malmö,Konsult
Richard,Summers,RichardGSummers@rhyta.com,03257637393,Malmö,Konsult
Charles,Morrissey,CharlesRMorrissey@armyspy.com,09324988924,Malmö,Konsult
Jarrett,Fleming,JarrettMFleming@gustr.com,03408072304,Malmö,Konsult
Geraldine,Figueroa,GeraldineGFigueroa@fleckens.hu,04803189346,Malmö,Konsult
Michelle,Harris,MichellePHarris@fleckens.hu,06138559633,Malmö,Konsult
Frederick,Ross,FrederickLRoss@cuvox.de,04317190379,Malmö,Konsult
